<?xml version="1.0" encoding="UTF-8"?>
<style>
	<info>
		<name>gk_box</name>
		<author>GavickPro</author>
		<desc>Image Show GK4 style for Box template.</desc>
		<version>1.0</version>
	</info>
	<config>
		<field type="text" name="image_width" label="Image width" desc="Slide image width in pixels" default="780" unit="px" />
		<field type="text" name="image_height" label="Image height" desc="Slide image height in pixels" default="860" unit="px" />
		<field type="text" name="thumb_width" label="Thumbnail width" desc="Slide thumbnail image width in pixels" default="80" unit="px" />
		<field type="text" name="thumb_height" label="Thumbnail height" desc="Slide thumbnail image height in pixels" default="92" unit="px" />
		<field type="text" name="image_bg" label="Image background color" desc="Slide image background as hexdecimal value" default="#ffffff" unit="" />
		<field type="text" name="quality" label="Image quality" desc="Quality of images (used in the JPG images) - percentage value between 0 and 100." default="95" unit="%" />
		<field type="switch" name="show_text_block" label="Show text block" default="1" desc="You can enable showing block with slide text." class="gk_switch" />
		<field type="text" name="text_block_length" label="Text block length" desc="Maximal number of chars in the text block" default="80" />
		<field type="switch" name="pagination" label="Pagination" desc="You can enable showing pagination." default="1" class="gk_switch" />
		<field type="switch" name="slide_links" label="Slide links" desc="You can enable links in the slides." default="1" class="gk_switch" />
		<field type="text" name="animation_speed" label="Animation speed" desc="Animation speed in miliseconds" default="500" unit="ms" />
		<field type="text" name="animation_interval" label="Animation interval" desc="Animation interval in miliseconds" default="5000" unit="ms" />
		<field type="switch" name="autoanimation" label="Autoanimation" desc="Autoanimation of the slides" default="1" class="gk_switch" />
	</config>
</style>