<?xml version="1.0" encoding="UTF-8"?>
<style>
	<info>
		<name>gk_academy</name>
		<author>GavickPro</author>
		<desc>Image Show GK4 style for StoreFront template.</desc>
		<version>1.0</version>
	</info>
	<config>
		<field type="text" name="module_height_desktop" label="Module height - desktop" desc="Module height in pixels for desktops" default="1200" unit="px" />
		<field type="text" name="module_height_small_desktop" label="Module height - small desktop" desc="Module height in pixels for small desktops" default="900" unit="px" />
		<field type="text" name="module_height_tablet" label="Module height - tablet" desc="Module height in pixels for tablets" default="700" unit="px" />
		<field type="text" name="module_height_mobile" label="Module height - mobile" desc="Module height in pixels for mobile" default="400" unit="px" />

		<field type="text" name="image_width" label="Image width" desc="Slide image width in pixels" default="1896" unit="px" />
		<field type="text" name="image_height" label="Image height" desc="Slide image height in pixels" default="960" unit="px" />
		<field type="text" name="image_bg" label="Image background color" desc="Slide image background as hexdecimal value" default="#000000" unit="" />
		<field type="text" name="quality" label="Image quality" desc="Quality of images (used in the JPG images) - percentage value between 0 and 100." default="95" unit="%" />
		<field type="switch" name="show_content_block" label="Show content block" default="1" desc="You can enable showing content block with slide titles, texts and pagination." class="gk_switch" />
		<field type="switch" name="show_title_block" label="Show title block" default="1" desc="You can enable showing block with slide titles." class="gk_switch" />
		<field type="switch" name="show_text_block" label="Show text block" default="1" desc="You can enable showing block with slide text." class="gk_switch" />
		<field type="switch" name="show_pagination" label="Show pagination" default="0" desc="You can enable showing block with pagination." class="gk_switch" />
		<field type="switch" name="show_arrow" label="Show Arrow" default="1" desc="You can enable showing block with Arrow." class="gk_switch" />
		<field type="switch" name="slide_links" label="Slide links" desc="You can enable links in the slides." default="0" class="gk_switch" />
		<field type="text" name="animation_speed" label="Animation speed" desc="Animation speed in miliseconds" default="500" unit="ms" />
		<field type="text" name="animation_interval" label="Animation interval" desc="Animation interval in miliseconds" default="5000" unit="ms" />
		<field type="switch" name="autoanimation" label="Autoanimation" desc="Autoanimation of the slides" default="1" class="gk_switch" />
	</config>
</style>