<?xml version="1.0" encoding="utf-8"?>
<extension type="module" version="3.0" client="site" method="upgrade">
	<name>Image Show GK4</name>
	<author>GavickPro</author>
	<creationDate>March 21th, 2023</creationDate>
	<copyright>Copyright (C) 2011-2022 GavickPro. All rights reserved.</copyright>
	<license>GNU General Public License version 2 or later</license>
	<authorEmail>info@gavick.com</authorEmail>
	<authorUrl>www.gavickpro.com</authorUrl>
	<version>1.7.6</version>
	<description><![CDATA[
		<span class="readonly"><h1>Image Show GK4<small>ver. 1.7.5</small></h1><p>GK4 is new generation of our extensions dedicated to Joomla 3.x.</p><p>With Image Show GK4 module, you can create slideshow on a site which include various images and article fragments or texts defined by a user. Thanks to slide management system integrated in the module, its support is very easy, intuitive and fast. With the new method of creating module styles you can easily move your slideshow style from one template to other template.</p> <p class='homepage'><a href='http://tools.gavick.com/image-show.html' target='_blank'>Learn more at the Image Show GK4 project website.</a></p><p class='license'>Image Show GK4 is released under the <a target="_blank" href="http://www.gnu.org/licenses/gpl-2.0.html">GNU/GPL v2 license.</a></p></span>
		
		<span class='tooltip-content'>Advanced slideshow module for Joomla! 3.x</span>
	]]></description>
	<files>
    <filename module="mod_image_show_gk4">mod_image_show_gk4.php</filename>
		<filename module="mod_image_show_gk4">mod_image_show_gk4.xml</filename>
		<filename module="mod_image_show_gk4">helper.php</filename>
		<filename module="mod_image_show_gk4">class.image.php</filename>
		<filename module="mod_image_show_gk4">index.html</filename>
		<folder>admin</folder>
		<folder>cache</folder>
		<folder>styles</folder>
	</files>
	
	<updateservers>
    <server type="extension">http://update.joomlart.com/service/tracking/j30/mod_image_show_gk4.xml</server>
    </updateservers>
	<languages>
		<language tag="en-GB">language/en-GB.mod_image_show_gk4.ini</language>
	</languages>

	<config>
		<fields name="params" addfieldpath="/modules/mod_image_show_gk4/admin/elements">
			<!-- basic -->
			<fieldset name="IMAGE_SHOW_BASIC">
				<field type="asset" path="modules/mod_image_show_gk4/admin/" />
				
        <field name="automatic_module_id" type="radio" class="btn-group" default="1" label="MOD_IMAGE_SHOW_AUTOMATIC_MODULE_ID" description="MOD_IMAGE_SHOW_AUTOMATIC_MODULE_ID_DESC">
	        <option value="0">MOD_IMAGE_SHOW_DISABLED</option>
	        <option value="1">MOD_IMAGE_SHOW_ENABLED</option>
				</field>

				<field name="module_id" type="text" default="gk-is-1" label="MOD_IMAGE_SHOW_MODULE_ID" description="MOD_IMAGE_SHOW_MODULE_ID_DESC" />

				<field name="moduleclass_sfx" type="text" default="" label="MOD_IMAGE_SHOW_GK4_MODCLASSSUFFIX" description="MOD_IMAGE_SHOW_GK4_MODCLASSSUFFIX_DESC" />

				<field name="module_style" type="styles" default="gk_coffe" label="MOD_IMAGE_SHOW_GK4_MODSTYLE" />

				<field name="last_modification" type="lastmod" label="" />
			</fieldset>
			<!-- tab manager -->
			<fieldset name="IMAGE_SHOW_MANAGER" addfieldpath="/modules/mod_image_show_gk4/admin/elements" >
				<field type="slidemanager" name="image_show_data" />
			</fieldset>
         	
			<!-- interface -->
			<fieldset name="IMAGE_SHOW_INTERFACE">
				<!-- parsed settings XML -->
				<field type="config" name="config" />
			</fieldset>

			<!-- advanced -->
			<fieldset name="IMAGE_SHOW_ADVANCED">
				<field name="memory_limit" type="list" class="gk_switch" default="128M" label="MOD_IMAGE_SHOW_MEMORY_LIMIT" description="MOD_IMAGE_SHOW_MEMORY_LIMIT_DESC">
				        <option value="32M">32 MB</option>
				        <option value="64M">64 MB</option>
				        <option value="128M">128 MB</option>
				        <option value="256M">256 MB</option>
				        <option value="384M">384 MB</option>
				        <option value="512M">512 MB</option>
				        <option value="768M">768 MB</option>
				        <option value="1024M">1024 MB</option>
				        <option value="2048M">2048 MB</option>
				</field>
				
				<field name="generate_thumbnails" type="radio" class="btn-group" default="1" label="MOD_IMAGE_SHOW_GENERATE_THUMBNAILS" description="MOD_IMAGE_SHOW_GENERATE_THUMBNAILS_DESC">
					<option value="0">MOD_IMAGE_SHOW_DISABLED</option>
					<option value="1">MOD_IMAGE_SHOW_ENABLED</option>
				</field>
				<field name="random_slides" type="radio" class="btn-group" default="0" label="MOD_IMAGE_SHOW_RANDOM_SLIDES" description="MOD_IMAGE_SHOW_RANDOM_SLIDES_DESC">
				        <option value="0">MOD_IMAGE_SHOW_DISABLED</option>
				        <option value="1">MOD_IMAGE_SHOW_ENABLED</option>
				</field>
				<field name="use_style_css" type="radio" class="btn-group" default="1" label="MOD_IMAGE_SHOW_USE_STYLE_CSS" description="MOD_IMAGE_SHOW_USE_STYLE_CSS_DESC">
				        <option value="0">MOD_IMAGE_SHOW_DISABLED</option>
				        <option value="1">MOD_IMAGE_SHOW_ENABLED</option>
				</field>
			</fieldset>
			<!-- about us -->
			<fieldset name="IMAGE_SHOW_ABOUT_US" addfieldpath="/modules/mod_image_show_gk4/admin/elements">
			  <field type="about" name="about_us" /> 
				<field name="module_gkmedia" type="media" class="gk_hide_field" default="" label="" description="" />
			</fieldset>
		</fields>
	</config>
</extension>
