<?xml version="1.0" encoding="UTF-8"?>
<style>
	<info>
		<name>gk_hotel_tabs</name>
		<author>GavickPro</author>
		<desc>Image Show GK4 style for Hotel template.</desc>
		<version>1.0</version>
	</info>
	<config>
		<field type="text" name="image_width" label="Image width" desc="Slide image width in pixels" default="2000" unit="px" />
		<field type="text" name="image_height" label="Image height" desc="Slide image height in pixels" default="720" unit="px" />
		
		<field type="text" name="tablet_image_width" label="Tablet image width" desc="Slide image width in pixels for tablet devices" default="1040" unit="px" />
		<field type="text" name="tablet_image_height" label="Tablet image height" desc="Slide image height in pixels for tablet devices" default="720" unit="px" />
		
		<field type="text" name="mobile_image_width" label="Mobile image width" desc="Slide image width in pixels for mobile devices" default="640" unit="px" />
		<field type="text" name="mobile_image_height" label="Mobile image height" desc="Slide image height in pixels for mobile devices" default="540" unit="px" />
		
		<field type="text" name="image_bg" label="Image background color" desc="Slide image background as hexdecimal value" default="#000000" unit="" />	
		<field type="text" name="quality" label="Image quality" desc="Quality of images (used in the JPG images) - percentage value between 0 and 100." default="95" unit="%" />

		<field type="select" name="mode" label="Module mode" desc="This style can work in 3 modes" default="slideshow" class="">
			<option value="slideshow">Slideshow</option>
			<option value="showcase">Showcase</option>
			<option value="testimonial">Testimonials</option>
		</field>

		<field type="switch" name="show_title_block" label="Show title block" default="1" desc="You can enable showing block with slide titles." class="gk_switch" />
		<field type="switch" name="show_button" label="Show button" default="1" desc="You can enable showing button on slides." class="gk_switch" />
		<field type="switch" name="prev_next" label="Show prev/next buttons" default="0" desc="You can enable showing prev/next buttons over the slides" class="gk_switch" />

		<field type="select" name="pagination" label="Pagination" desc="You can enable top or bottom pagination for the module" default="disabled" class="">
			<option value="disabled">Disabled</option>
			<option value="top">Top pagination</option>
			<option value="bottom">Bottom pagination</option>
		</field>

		<field type="switch" name="animation_loop" label="Animation loop" desc="You can disable autoanimation after the last slide." default="1" class="gk_switch" />
		<field type="switch" name="slide_links" label="Slide links" desc="You can enable links in the slides." default="1" class="gk_switch" />
		<field type="text" name="animation_speed" label="Animation speed" desc="Animation speed in miliseconds" default="500" unit="ms" />
		<field type="text" name="animation_interval" label="Animation interval" desc="Animation interval in miliseconds" default="5000" unit="ms" />
	</config>
</style>