<?xml version="1.0" encoding="UTF-8"?>
<style>
	<info>
		<name>gk_wedding_1</name>
		<author>GavickPro</author>
		<desc>Image Show GK4 style for Couple template.</desc>
		<version>1.0</version>
	</info>
	<config>
		<field type="text" name="module_height_hd" label="Module height - Full HD" desc="Module height in pixels for Full HD" default="1080" unit="px" />
		<field type="text" name="module_height_desktop" label="Module height - Desktop" desc="Module height in pixels for Desktops" default="1080" unit="px" />
		<field type="text" name="module_height_smdesktop" label="Module height - Small Desktop" desc="Module height in pixels for Small Desktop" default="640" unit="px" />
		<field type="text" name="module_height_tablet" label="Module height - Tablet" desc="Module height in pixels for Tablets" default="500" unit="px" />
		<field type="text" name="module_height_smtablet" label="Module height - Small Tablet" desc="Module height in pixels for Small Tablets" default="500" unit="px" />
		<field type="text" name="module_height_mobile" label="Module height - Mobile" desc="Module height in pixels for Mobile" default="500" unit="px" />

		<field type="text" name="image_width" label="Image width" desc="Slide image width in pixels" default="1060" unit="px" />
		<field type="text" name="image_height" label="Image height" desc="Slide image height in pixels" default="566" unit="px" />
		<field type="text" name="image_bg" label="Image background color" desc="Slide image background as hexdecimal value" default="#2c3b4b" unit="" />
		<field type="text" name="quality" label="Image quality" desc="Quality of images (used in the JPG images) - percentage value between 0 and 100." default="95" unit="%" />
		<field type="switch" name="show_title_block" label="Show title block" default="1" desc="You can enable showing block with slide titles." class="gk_switch" />
		<field type="switch" name="show_pagination" label="Show pagination" default="0" desc="You can enable showing block with pagination." class="gk_switch" />
		<field type="switch" name="show_arrow" label="Show Arrow" default="0" desc="You can enable showing block with Arrow." class="gk_switch" />
		<field type="switch" name="slide_links" label="Slide links" desc="You can enable links in the slides." default="1" class="gk_switch" />
		<field type="text" name="animation_speed" label="Animation speed" desc="Animation speed in miliseconds" default="500" unit="ms" />
		<field type="text" name="animation_interval" label="Animation interval" desc="Animation interval in miliseconds" default="5000" unit="ms" />
		<field type="switch" name="autoanimation" label="Autoanimation" desc="Autoanimation of the slides" default="0" class="gk_switch" />
	</config>
</style>