<?xml version="1.0" encoding="UTF-8"?>
<style>
	<info>
		<name>gk_fashion</name>
		<author>GavickPro</author>
		<desc>Image Show GK4 style for Fashion template.</desc>
		<version>1.0</version>
	</info>
	<config>
		<field type="text" name="image_width" label="Image width" desc="Slide image width in pixels" default="640" unit="px" />
		<field type="text" name="image_height" label="Image height" desc="Slide image height in pixels" default="320" unit="px" />
		<field type="text" name="image_bg" label="Image background color" desc="Slide image background as hexdecimal value" default="#000000" unit="" />	
		<field type="text" name="quality" label="Image quality" desc="Quality of images (used in the JPG images) - percentage value between 0 and 100." default="95" unit="%" />
		
		
		<field type="switch" name="show_title_block" label="Show title block" default="1" desc="You can enable showing block with slide titles." class="gk_switch" />
		<field type="select" name="title_block_position" label="Title block position" desc="Position of the title block" default="bottom" class="">
			<option value="bottom">Bottom</option>
			<option value="top">Top</option>
		</field>
		<field type="text" name="title_block_length" label="Title block length" desc="Maximal number of chars in the title block" default="30" />
		<field type="switch" name="pagination" label="Pagination" desc="You can enable showing pagination" default="1" class="gk_switch" />	
		<field type="select" name="pagination_position" label="Pagination position" desc="Position of the pagination" default="top" class="">
			<option value="top">Top</option>
			<option value="bottom">Bottom</option>
		</field>
		<field type="switch" name="slide_links" label="Slide links" desc="You can enable links in the slides." default="1" class="gk_switch" />
		<field type="text" name="animation_speed" label="Animation speed" desc="Animation speed in miliseconds" default="500" unit="ms" />
		<field type="text" name="animation_interval" label="Animation interval" desc="Animation interval in miliseconds" default="5000" unit="ms" />
		<field type="switch" name="autoanimation" label="Autoanimation" desc="Autoanimation of the slides" default="1" class="gk_switch" />
	</config>
</style>